{"train": [0.81594, 0.87702, 0.89134, 0.90234, 0.90796, 0.91364, 0.91802, 0.92016, 0.9265, 0.92966, 0.93354, 0.93654, 0.93976, 0.94266, 0.94524, 0.94638, 0.94926, 0.95112, 0.95302, 0.9551, 0.95672, 0.95724, 0.95784, 0.95876, 0.95936, 0.9599, 0.96078, 0.96138, 0.96266, 0.96288, 0.96334, 0.96348, 0.96412, 0.96468, 0.96518, 0.9659, 0.96624, 0.96688, 0.96736, 0.96758, 0.96834, 0.9685, 0.96846, 0.9692, 0.9693, 0.96906, 0.96962, 0.97016, 0.97, 0.97056], "val": [0.836, 0.8905, 0.9005, 0.9084, 0.9147, 0.9195, 0.9235, 0.9255, 0.9307, 0.9334, 0.937, 0.9399, 0.9421, 0.9458, 0.9473, 0.9488, 0.9512, 0.952, 0.954, 0.9559, 0.9568, 0.9573, 0.9577, 0.9575, 0.9586, 0.959, 0.9594, 0.9601, 0.9609, 0.9605, 0.961, 0.961, 0.9621, 0.9617, 0.9626, 0.9638, 0.9639, 0.9633, 0.9637, 0.9636, 0.9644, 0.9651, 0.9649, 0.9651, 0.9646, 0.9655, 0.9652, 0.9655, 0.9659, 0.9662]}