{"train": [0.91262, 0.92598, 0.93554, 0.93902, 0.9475, 0.95224, 0.95564, 0.95992, 0.96004, 0.96442, 0.9667, 0.96996, 0.97158, 0.97154, 0.97416, 0.97284, 0.9769, 0.97576, 0.97696, 0.97808, 0.98104, 0.981, 0.98268, 0.98202, 0.98268, 0.9834, 0.98324, 0.98356, 0.98468, 0.98372, 0.9847, 0.98464, 0.98384, 0.98536, 0.98596, 0.986, 0.98612, 0.98602, 0.98564, 0.9872, 0.98776, 0.98782, 0.98816, 0.98788, 0.9879, 0.988, 0.98826, 0.98852, 0.98884, 0.98844], "val": [0.9178, 0.929, 0.9386, 0.9423, 0.9492, 0.9538, 0.9557, 0.9587, 0.9589, 0.9621, 0.9634, 0.9656, 0.9671, 0.9675, 0.9679, 0.9685, 0.9724, 0.9702, 0.9713, 0.9714, 0.9741, 0.9733, 0.9748, 0.9746, 0.974, 0.9753, 0.9746, 0.9743, 0.9748, 0.975, 0.976, 0.9744, 0.9722, 0.9753, 0.9756, 0.9757, 0.9759, 0.9753, 0.9747, 0.9769, 0.9763, 0.9768, 0.9759, 0.9771, 0.9767, 0.9766, 0.9775, 0.9765, 0.9768, 0.9769]}