{"train": [0.9399666666666666, 0.95905, 0.97125, 0.9752333333333333, 0.9805, 0.9825333333333334, 0.9857833333333333, 0.98695, 0.9881, 0.9907, 0.9899, 0.9919, 0.99195, 0.9935333333333334, 0.9941, 0.9943, 0.9953666666666666, 0.9956166666666667, 0.9956833333333334, 0.9959, 0.9971333333333333, 0.9972833333333333, 0.9974166666666666, 0.9977, 0.9978166666666667, 0.9977833333333334, 0.9981666666666666, 0.9978833333333333, 0.9982166666666666, 0.9986, 0.9982666666666666, 0.9985833333333334, 0.9986166666666667, 0.99885, 0.9989, 0.9989333333333333, 0.9985666666666667, 0.9988666666666667, 0.9989833333333333, 0.99905, 0.9991833333333333, 0.9993166666666666, 0.9993166666666666, 0.9992833333333333, 0.9994166666666666, 0.99945, 0.9994, 0.9994166666666666, 0.99935, 0.9994333333333333], "val": [0.9466, 0.9634, 0.9745, 0.9782, 0.9833, 0.9835, 0.9876, 0.9883, 0.9885, 0.991, 0.9912, 0.9933, 0.9922, 0.9947, 0.9948, 0.9947, 0.996, 0.9955, 0.9953, 0.9959, 0.9976, 0.9978, 0.9975, 0.9981, 0.9982, 0.9981, 0.9983, 0.9977, 0.9985, 0.9991, 0.9984, 0.9986, 0.9988, 0.9993, 0.9991, 0.999, 0.9989, 0.9989, 0.9992, 0.9989, 0.9993, 0.9992, 0.9993, 0.9993, 0.9995, 0.9994, 0.9994, 0.9993, 0.9993, 0.9993]}