{"train": [0.91866, 0.932, 0.94526, 0.95038, 0.9549, 0.96006, 0.96312, 0.96662, 0.96906, 0.9718, 0.97208, 0.97506, 0.97584, 0.97648, 0.97636, 0.97722, 0.97916, 0.98078, 0.98214, 0.98202, 0.98636, 0.9858, 0.98728, 0.98624, 0.98756, 0.98792, 0.987, 0.98678, 0.98908, 0.98858, 0.98894, 0.98852, 0.98814, 0.9898, 0.98896, 0.99028, 0.98956, 0.98978, 0.99016, 0.99094, 0.99136, 0.992, 0.99202, 0.99224, 0.99158, 0.99222, 0.9924, 0.99264, 0.9924, 0.99248], "val": [0.9237, 0.9366, 0.9463, 0.953, 0.955, 0.9595, 0.9603, 0.9651, 0.965, 0.967, 0.9654, 0.9692, 0.9683, 0.9691, 0.9699, 0.9695, 0.9705, 0.9704, 0.9718, 0.9711, 0.9741, 0.9732, 0.9755, 0.9744, 0.9742, 0.9751, 0.975, 0.9743, 0.9761, 0.9759, 0.9765, 0.9761, 0.9749, 0.9764, 0.9753, 0.9772, 0.9764, 0.977, 0.9772, 0.9761, 0.9771, 0.9773, 0.9778, 0.977, 0.9768, 0.977, 0.9782, 0.9771, 0.9774, 0.9767]}