{"train": [0.88902, 0.9107, 0.91664, 0.92202, 0.92502, 0.92742, 0.93088, 0.9329, 0.9361, 0.93868, 0.9408, 0.94272, 0.94602, 0.94728, 0.95014, 0.94978, 0.95278, 0.95358, 0.95538, 0.95578, 0.95886, 0.95882, 0.9591, 0.96062, 0.96016, 0.96114, 0.96156, 0.96182, 0.96302, 0.96326, 0.96394, 0.96368, 0.9642, 0.96474, 0.96544, 0.96634, 0.96594, 0.96664, 0.9671, 0.96696, 0.96752, 0.96796, 0.96826, 0.96866, 0.96814, 0.96854, 0.96902, 0.96916, 0.96938, 0.96974], "val": [0.9011, 0.9171, 0.9207, 0.9265, 0.9291, 0.9302, 0.935, 0.9354, 0.9381, 0.9422, 0.9435, 0.9459, 0.9478, 0.9513, 0.9526, 0.9503, 0.9549, 0.9532, 0.9559, 0.9558, 0.9591, 0.9594, 0.9593, 0.9582, 0.9601, 0.96, 0.9595, 0.9605, 0.9621, 0.9617, 0.9622, 0.961, 0.9612, 0.9613, 0.9626, 0.9626, 0.9625, 0.9624, 0.9625, 0.9628, 0.9648, 0.9639, 0.9641, 0.9638, 0.9634, 0.9644, 0.9645, 0.964, 0.965, 0.9644]}