{"train": [0.9066, 0.9221, 0.92776, 0.93006, 0.93774, 0.94064, 0.94572, 0.94864, 0.95094, 0.95542, 0.95652, 0.95962, 0.96088, 0.9625, 0.96468, 0.96432, 0.96846, 0.96826, 0.97104, 0.9709, 0.97324, 0.97358, 0.9738, 0.9744, 0.97482, 0.97496, 0.97576, 0.97562, 0.9763, 0.97632, 0.9772, 0.97738, 0.97652, 0.9783, 0.97804, 0.97854, 0.97876, 0.97908, 0.97918, 0.98018, 0.98018, 0.98032, 0.981, 0.98084, 0.981, 0.9811, 0.98134, 0.98172, 0.98156, 0.9819], "val": [0.9149, 0.9267, 0.9313, 0.9332, 0.9409, 0.9444, 0.9497, 0.9484, 0.952, 0.9542, 0.9553, 0.9591, 0.9579, 0.9619, 0.9626, 0.9608, 0.965, 0.9641, 0.9668, 0.9658, 0.9675, 0.9678, 0.9684, 0.9678, 0.968, 0.9685, 0.9692, 0.969, 0.9694, 0.9689, 0.9698, 0.9693, 0.9691, 0.97, 0.9702, 0.9706, 0.9704, 0.9709, 0.9709, 0.9704, 0.9711, 0.9727, 0.9721, 0.9722, 0.9722, 0.9722, 0.9731, 0.9718, 0.9734, 0.9727]}