{"train": [0.94614, 0.96466, 0.97598, 0.97834, 0.9819, 0.9844, 0.9878, 0.98988, 0.98886, 0.99112, 0.99242, 0.99358, 0.99342, 0.9943, 0.99544, 0.99416, 0.9963, 0.99632, 0.99646, 0.99754, 0.99846, 0.99848, 0.9987, 0.99904, 0.99912, 0.99908, 0.99912, 0.99908, 0.99936, 0.99926, 0.99918, 0.99944, 0.99908, 0.99934, 0.99948, 0.99944, 0.99956, 0.99952, 0.9997, 0.99958, 0.99982, 0.99982, 0.99978, 0.99992, 0.99984, 0.99984, 0.99984, 0.99986, 0.9999, 0.9999], "val": [0.9478, 0.9643, 0.9706, 0.9718, 0.975, 0.9766, 0.9781, 0.9781, 0.9767, 0.9782, 0.9792, 0.9783, 0.9798, 0.98, 0.979, 0.9779, 0.9798, 0.9802, 0.9782, 0.98, 0.9805, 0.9829, 0.9808, 0.9819, 0.9819, 0.981, 0.9801, 0.9813, 0.9819, 0.9814, 0.9813, 0.9812, 0.9808, 0.9812, 0.9816, 0.981, 0.9818, 0.9822, 0.981, 0.9807, 0.9817, 0.9818, 0.9821, 0.9818, 0.9813, 0.9815, 0.9813, 0.9815, 0.9806, 0.981]}