{"train": [0.91398, 0.94032, 0.95512, 0.96304, 0.96918, 0.97324, 0.9768, 0.9787, 0.98106, 0.98316, 0.98482, 0.9863, 0.98686, 0.9873, 0.98872, 0.9894, 0.9911, 0.99166, 0.99238, 0.99268, 0.99408, 0.99418, 0.99464, 0.99496, 0.995, 0.9952, 0.99534, 0.9955, 0.99602, 0.99606, 0.9961, 0.99624, 0.99634, 0.99666, 0.9964, 0.99656, 0.9969, 0.99706, 0.9972, 0.99728, 0.99752, 0.9976, 0.9977, 0.9977, 0.99768, 0.99766, 0.99776, 0.99794, 0.9978, 0.99804], "val": [0.9202, 0.9448, 0.9548, 0.962, 0.967, 0.97, 0.972, 0.9737, 0.9726, 0.9741, 0.9749, 0.9772, 0.9765, 0.9769, 0.9788, 0.9772, 0.9779, 0.9789, 0.9792, 0.9796, 0.9801, 0.9807, 0.9807, 0.9812, 0.9804, 0.9812, 0.9811, 0.9804, 0.9811, 0.9805, 0.9801, 0.9816, 0.9821, 0.9813, 0.9807, 0.9814, 0.9821, 0.9813, 0.9808, 0.981, 0.9819, 0.9812, 0.9809, 0.981, 0.982, 0.9819, 0.9816, 0.9815, 0.982, 0.981]}